loginName,password
mingyang.li@baozun.com,test123456
test0@baozu.com,test123456
test1@baozu.com,test123456
test2@baozu.com,test123456
test3@baozu.com,test123456
test5@baozun.com,test123456
test6@baozun.com,test123456
test7@baozun.com,test123456
test8@baozun.com,test123456
test9@baozun.com,test123456
test10@baozun.com,test123456
test11@baozun.com,test123456
test12@baozun.com,test123456
test13@baozun.com,test123456
test14@baozun.com,test123456
test15@baozun.com,test123456
test16@baozun.com,test123456
test17@baozun.com,test123456
test18@baozun.com,test123456
test19@baozun.com,test123456
test20@baozun.com,test123456
test21@baozun.com,test123456
test22@baozun.com,test123456
test23@baozun.com,test123456
test24@baozun.com,test123456
test25@baozun.com,test123456
test26@baozun.com,test123456
test27@baozun.com,test123456
test28@baozun.com,test123456
test29@baozun.com,test123456
test30@baozun.com,test123456
test31@baozun.com,test123456
test32@baozun.com,test123456
test33@baozun.com,test123456
test34@baozun.com,test123456
test35@baozun.com,test123456
test36@baozun.com,test123456
test37@baozun.com,test123456
test38@baozun.com,test123456
test39@baozun.com,test123456
test40@baozun.com,test123456
test41@baozun.com,test123456
test42@baozun.com,test123456
test43@baozun.com,test123456
test44@baozun.com,test123456
test45@baozun.com,test123456
test46@baozun.com,test123456
test47@baozun.com,test123456
test48@baozun.com,test123456
test49@baozun.com,test123456
test50@baozun.com,test123456
test51@baozun.com,test123456
test52@baozun.com,test123456
test53@baozun.com,test123456
test54@baozun.com,test123456
test55@baozun.com,test123456
test56@baozun.com,test123456
test57@baozun.com,test123456
test58@baozun.com,test123456
test59@baozun.com,test123456
test60@baozun.com,test123456
test61@baozun.com,test123456
test62@baozun.com,test123456
test63@baozun.com,test123456
test64@baozun.com,test123456
test65@baozun.com,test123456
test66@baozun.com,test123456
test67@baozun.com,test123456
test68@baozun.com,test123456
test69@baozun.com,test123456
test70@baozun.com,test123456
test71@baozun.com,test123456
test72@baozun.com,test123456
test73@baozun.com,test123456
test74@baozun.com,test123456
test75@baozun.com,test123456
test76@baozun.com,test123456
test77@baozun.com,test123456
test78@baozun.com,test123456
test79@baozun.com,test123456
test80@baozun.com,test123456
test81@baozun.com,test123456
test82@baozun.com,test123456
test83@baozun.com,test123456
test84@baozun.com,test123456
test85@baozun.com,test123456
test86@baozun.com,test123456
test87@baozun.com,test123456
test88@baozun.com,test123456
test89@baozun.com,test123456
test90@baozun.com,test123456
test91@baozun.com,test123456
test92@baozun.com,test123456
test93@baozun.com,test123456
test94@baozun.com,test123456
test95@baozun.com,test123456
test96@baozun.com,test123456
test97@baozun.com,test123456
test98@baozun.com,test123456
test99@baozun.com,test123456
test100@baozun.com,test123456
test101@baozun.com,test123456
test102@baozun.com,test123456
test103@baozun.com,test123456
test104@baozun.com,test123456
test105@baozun.com,test123456
test106@baozun.com,test123456
test107@baozun.com,test123456
test108@baozun.com,test123456
test109@baozun.com,test123456
test110@baozun.com,test123456
test111@baozun.com,test123456
test112@baozun.com,test123456
test113@baozun.com,test123456
test114@baozun.com,test123456
test115@baozun.com,test123456
test116@baozun.com,test123456
test117@baozun.com,test123456
test118@baozun.com,test123456
test119@baozun.com,test123456
test120@baozun.com,test123456
test121@baozun.com,test123456
test122@baozun.com,test123456
test123@baozun.com,test123456
test124@baozun.com,test123456
test125@baozun.com,test123456
test126@baozun.com,test123456
test127@baozun.com,test123456
test128@baozun.com,test123456
test129@baozun.com,test123456
test130@baozun.com,test123456
test131@baozun.com,test123456
test132@baozun.com,test123456
test133@baozun.com,test123456
test134@baozun.com,test123456
test135@baozun.com,test123456
test136@baozun.com,test123456
test137@baozun.com,test123456
test138@baozun.com,test123456
test139@baozun.com,test123456
test140@baozun.com,test123456
test141@baozun.com,test123456
test142@baozun.com,test123456
test143@baozun.com,test123456
test144@baozun.com,test123456
test145@baozun.com,test123456
test146@baozun.com,test123456
test147@baozun.com,test123456
test148@baozun.com,test123456
test149@baozun.com,test123456
test150@baozun.com,test123456
test151@baozun.com,test123456
test152@baozun.com,test123456
test153@baozun.com,test123456
test154@baozun.com,test123456
test155@baozun.com,test123456
test156@baozun.com,test123456
test157@baozun.com,test123456
test158@baozun.com,test123456
test159@baozun.com,test123456
test160@baozun.com,test123456
test161@baozun.com,test123456
test162@baozun.com,test123456
test163@baozun.com,test123456
test164@baozun.com,test123456
test165@baozun.com,test123456
test166@baozun.com,test123456
test167@baozun.com,test123456
test168@baozun.com,test123456
test169@baozun.com,test123456
test170@baozun.com,test123456
test171@baozun.com,test123456
test172@baozun.com,test123456
test173@baozun.com,test123456
test174@baozun.com,test123456
test175@baozun.com,test123456
test176@baozun.com,test123456
test177@baozun.com,test123456
test178@baozun.com,test123456
test179@baozun.com,test123456
test180@baozun.com,test123456
test181@baozun.com,test123456
test182@baozun.com,test123456
test183@baozun.com,test123456
test184@baozun.com,test123456
test185@baozun.com,test123456
test186@baozun.com,test123456
test187@baozun.com,test123456
test188@baozun.com,test123456
test189@baozun.com,test123456
test190@baozun.com,test123456
test191@baozun.com,test123456
test192@baozun.com,test123456
test193@baozun.com,test123456
test194@baozun.com,test123456
test195@baozun.com,test123456
test196@baozun.com,test123456
test197@baozun.com,test123456
test198@baozun.com,test123456
test199@baozun.com,test123456